"Effect","F_value","p_value"
"Period",1.46186155044054,0.243922652893136
