"Settlement","p_val_C13","p_val_N15"
"Hoya Fria",0.52980688287926,4.3727452169007e-05
"Majagora",0.0787520450564046,0.0041699283026499
"Uchova",0.00190095959522321,7.02469607058693e-07
